ID;matriz;tipo;coleta;estacao;amostra;replicata;CT;umidade;pH;Eh;Nitrato;Sulfato;Fe(II);Fe(III);CO2;CH4;SUVA;E2_E3;aromaticidade_esp;E4_E5;E4_E6;SR;carboxilicos;fenolicos;total;aromaticidade_func;EAC
PB a 1ª coleta AF;FA;Permanent;1;rainy;PB;a;3,71;39,61;5,15;230;5,32;11,5;-0,238429173;11,95652174;78,8;-6,05;18,94423759;4,534009684;21,76841434;1,462093863;2,62987013;3,37489215;15,4;7,2;22,6;31,86;1,159619798
PB b 1ª coleta AF;FA;Permanent;1;rainy;PB;b;3,50;41,77;5,24;233;4,93;11,8;-0,483870968;8,281907433;78,8;-6,05;18,73776241;4,534009684;21,76841434;1,462093863;2,62987013;3,358734958;16,8;7,2;24;30;0,918450585
PB a 2ª coleta AF;FA;Permanent;2;dry;PB;a;13,91;60,43;5,15;230;1,42;8,75;-2,522012579;31,16352201;45,2;8,89;6,193278175;5,838447653;12,92432491;2,256281407;10,95121951;3,236909037;12,6;6;18,6;32,26;17,55807257
PB b 2ª coleta AF;FA;Permanent;2;dry;PB;b;13,84;59,15;5,24;233;1,62;10,37;-2,58490566;32,04402516;45,2;8,89;6,177721825;5,838447653;12,92432491;2,256281407;10,95121951;3,153575306;11,6;4,8;16,4;29,27;16,6204713
PB a 3ª coleta AF;FA;Permanent;3;dry;PB;a;36,82;41,97;3,94;340;21,40;13,80;-3,119496855;35,73899371;84,4;0,04;18,90404877;5,09408392;17,97111102;1,969162996;8,596153846;3,355129898;10,8;6;16,8;35,71;17,32099174
PB b 3ª coleta AF;FA;Permanent;3;dry;PB;b;36,96;42,06;3,95;335,7;21,47;16,00;-3,072327044;31,86477987;84,4;0,04;18,57595123;5,09408392;17,97111102;1,969162996;8,596153846;3,349363659;10,2;5,6;15,8;35,44;17,07003026
PB a 4ª coleta AF;FA;Permanent;4;rainy;PB;a;4,46;36,92;5,32;305;14,06;12,5;0,084151473;18,83590463;389,5;0,25;16,56941317;6,174706323;10,64449113;2,322259136;14,5625;3,231648181;6,4;3,2;9,6;33,33;8,718689691
PB b 4ª coleta AF;FA;Permanent;4;rainy;PB;b;4,52;35,58;5,08;284;12,97;15;-0,455820477;6,535764376;389,5;0,25;14,84925349;6,174706323;10,64449113;2,322259136;14,5625;3,191580716;6,2;3,2;9,4;34,04;8,595819541
PB a 5ª coleta AF;FA;Permanent;5;dry;PB;a;8,15;33,33;5,32;305;17,92;11,23;-1,893081761;27,68867925;-73,3;-0,97;13,51691587;5,638333333;14,2811;3,109090909;-14,86956522;2,798327312;6,8;4;10,8;37,04;-4,814248054
PB b 5ª coleta AF;FA;Permanent;5;dry;PB;b;7,96;31,92;5,08;284;17,08;13,54;-1,814465409;27,54716981;-73,3;-0,97;12,45908413;5,638333333;14,2811;3,109090909;-14,86956522;2,779271171;6,8;3,6;10,4;34,62;-4,573175717
PB a 6ª coleta AF;FA;Permanent;6;rainy;PB;a;13,73;68,10;4,56;234,5;22,29;15,90;2,556603774;41,25786164;70,4;0,03;2,177792492;4,688192317;20,72305609;1,637784091;3,755700326;3,232937239;3,8;1,6;5,4;29,63;-8,744165038
PB b 6ª coleta AF;FA;Permanent;6;rainy;PB;b;8,35;39,05;4,55;252,2;21,53;19,25;2,477987421;41,58805031;70,4;0,03;2,077096397;4,688192317;20,72305609;1,637784091;3,755700326;3,143449535;4,7;2,2;6,9;31,88;-7,944786587
PM a 1ª coleta AF;FA;Permanent;1;rainy;PM;a;8,51;50,58;5,79;215;7,01;10,9;-0,070126227;21,0799439;23,7;-1,77;12,37323549;4,371415027;22,87080612;1,806985294;4,748792271;2,628816007;7,2;4;11,2;35,71;7,190865025
PM b 1ª coleta AF;FA;Permanent;1;rainy;PM;b;8,48;47,69;5,84;219;6,14;12,6;0,07713885;28,91304348;23,7;-1,77;11,22409784;4,371415027;22,87080612;1,806985294;4,748792271;2,543910159;7,4;4;11,4;35,09;7,116378913
PM a 2ª coleta AF;FA;Permanent;2;dry;PM;a;13,13;54,74;5,79;215;2,55;9,15;1,408805031;35,17295597;75,8;10,61;12,47879394;5,483227176;15,33271975;1,956175299;5,223404255;2,97231202;5,8;2,8;8,6;32,56;6,169205201
PM b 2ª coleta AF;FA;Permanent;2;dry;PM;b;13,68;55,85;5,84;219;2,82;9,28;1,377358491;34,55974843;75,8;10,61;12,24120606;5,483227176;15,33271975;1,956175299;5,223404255;2,900641187;6,2;3,2;9,4;34,04;5,928204177
PM a 3ª coleta AF;FA;Permanent;3;dry;PM;a;33,78;41,74;4,09;372;21,31;15,49;-2,22327044;34,21383648;64,6;-0,53;7,876223365;4,957910751;18,89436511;1,810483871;4,157407407;2,952100896;6,4;2,8;9,2;30,43;4,961314084
PM b 3ª coleta AF;FA;Permanent;3;dry;PM;b;33,95;44,47;4,1;367,7;20,98;16,61;-1,971698113;32,19496855;64,6;-0,53;7,765443302;4,957910751;18,89436511;1,810483871;4,157407407;2,863298305;6,8;2,8;9,6;29,17;4,76813327
PM a 4ª coleta AF;FA;Permanent;4;rainy;PM;a;8,97;40,83;5,83;201;13,42;16,4;-0,063113604;22,72089762;250,7;12,40;21,946592;5,444507361;15,59524009;1,840262582;5,391025641;3,418785526;7,4;2,4;9,8;24,49;-1,766447612
PM b 4ª coleta AF;FA;Permanent;4;rainy;PM;b;8,98;42,66;5,55;172;15,52;15,4;-0,238429173;15,18232819;250,7;12,40;20,97974133;5,444507361;15,59524009;1,840262582;5,391025641;3,392195818;6,6;2,4;9;26,67;-1,624293785
PM a 5ª coleta AF;FA;Permanent;5;dry;PM;a;10,11;33,82;5,83;201;14,65;18,56;-2,632075472;52,51572327;-195,9;-0,40;16,56404877;5,231521075;17,03928711;1,982507289;6,868686869;2,926051374;6,3;2,6;8,9;29,21;-16,23543964
PM b 5ª coleta AF;FA;Permanent;5;dry;PM;b;9,94;32,30;5,55;172;13,95;20,23;-2,600628931;53,12893082;-195,9;-0,40;16,23595123;5,231521075;17,03928711;1,982507289;6,868686869;2,882696819;5,9;3;8,9;33,71;-16,37632927
PM a 6ª coleta AF;FA;Permanent;6;rainy;PM;a;20,60;42,79;4,99;148,8;23,07;12,15;2,257861635;28,85220126;45,2;0,25;2,460207107;4,667173715;20,86556221;1,789237668;5,7;3,071733689;4,4;2;6,4;31,25;-0,347576154
PM b 6ª coleta AF;FA;Permanent;6;rainy;PM;b;22,45;35,83;4,98;161;22,81;13,52;2,352201258;28,85220126;45,2;0,25;2,458792893;4,667173715;20,86556221;1,789237668;5,7;3,028985914;4,4;2;6,4;31,25;1,030059213
PC a 1ª coleta AF;FA;Permanent;1;rainy;PC;a;1,51;43,27;5,85;242;6,66;10;0,245441795;22,43338008;458,7;853,45;11,30009545;5,133155792;17,70620373;2,081730769;7,338983051;2,837567078;9,1;4,6;13,7;33,58;2,83585567
PC b 1ª coleta AF;FA;Permanent;1;rainy;PC;b;2,02;41,53;5,86;247;5,20;10,4;-0,224403927;11,56381487;458,7;853,45;11,12190455;5,133155792;17,70620373;2,081730769;7,338983051;2,817488902;6,8;3,6;10,4;34,62;3,134947117
PC a 2ª coleta AF;FA;Permanent;2;dry;PC;a;10,68;49,95;5,85;242;1,27;8,68;-2,333333333;29,11949686;90,0;17,45;4,393521861;4,702172761;20,62826868;2,091836735;5,774647887;3,240882487;6,1;2,6;8,7;29,89;14,72691607
PC b 2ª coleta AF;FA;Permanent;2;dry;PC;b;9,89;46,94;5,86;247;2,15;9,22;-2,411949686;29,44968553;90,0;17,45;4,130478139;4,702172761;20,62826868;2,091836735;5,774647887;2,913590561;6,6;2,4;9;26,67;16,57477951
PC a 3ª coleta AF;FA;Permanent;3;dry;PC;a;10,02;37,52;4,18;338;22,34;18,17;-3,512578616;20,77044025;43,0;0,05;15,98420513;5,165812592;17,48479063;2,481308411;27,94736842;2,993240944;7,1;2,6;9,7;26,8;-0,301582762
PC b 3ª coleta AF;FA;Permanent;3;dry;PC;b;10,64;40,26;4,16;341,4;22,32;18,73;-3,449685535;17,27358491;43,0;0,05;15,5321282;5,165812592;17,48479063;2,481308411;27,94736842;2,90934019;7,1;3;10,1;29,7;-0,136417898
PC a 4ª coleta AF;FA;Permanent;4;rainy;PC;a;5,51;50,56;5,25;276;12,21;12,1;0,07713885;28,58345021;192,3;2,14;4,995201882;3,027351568;31,98355637;1,582912458;3,602490421;3,862324826;7,2;3,6;10,8;33,33;-16,86562043
PC b 4ª coleta AF;FA;Permanent;4;rainy;PC;b;5,57;51,46;4,88;255;10,75;14,3;-0,266479663;15,94670407;192,3;2,14;1,83902034;3,027351568;31,98355637;1,582912458;3,602490421;1,018414994;8,4;4;12,4;32,26;-16,80873665
PC a 5ª coleta AF;FA;Permanent;5;dry;PC;a;4,86;21,48;5,25;276;17,89;12,66;-1,232704403;21,36792453;90,7;-0,61;4,785827354;4,130125928;24,50674621;2,038571429;6,427927928;3,451353305;8,6;4,8;13,4;35,82;-4,019587651
PC b 5ª coleta AF;FA;Permanent;5;dry;PC;b;5,37;22,97;4,88;255;17,54;11,50;-1,311320755;21,60377358;90,7;-0,61;0,728394869;4,130125928;24,50674621;2,038571429;6,427927928;1,44418691;7,8;4,4;12,2;36,07;-4,34982777
PC a 6ª coleta AF;FA;Permanent;6;rainy;PC;a;4,62;29,61;4,73;285,7;2,17;11,56;-3,198113208;19,35534591;43,6;0,22;4,701701909;4,399240079;22,68215227;1,767397521;4,930851064;3,460339204;5,1;2,2;7,3;30,14;-0,690518364
PC b 6ª coleta AF;FA;Permanent;6;rainy;PC;b;3,95;27,52;4,87;209,3;1,10;12,54;-3,261006289;15,60691824;43,6;0,22;1,995853647;4,399240079;22,68215227;1,767397521;4,930851064;2,654521861;6;2,8;8,8;31,82;-1,989335205
SB a 1ª coleta AF;FA;Seasonal;1;rainy;SB;a;6,84;35,52;5,02;290;6,07;20,2;1,213183731;55,33660589;177,9;0,38;2,94854044;6,729279768;6,88448317;2,414096916;15,65714286;3,614901852;7,8;4;11,8;33,9;29,50436556
SB b 1ª coleta AF;FA;Seasonal;1;rainy;SB;b;6,99;40,20;5,08;291;5,77;22,3;0,652173913;54,68443198;177,9;0,38;2,947126227;6,729279768;6,88448317;2,414096916;15,65714286;3,61391051;8,6;4;12,6;31,75;28,8858416
SB a 2ª coleta AF;FA;Seasonal;2;dry;SB;a;6,52;30,29;5,02;290;24,10;15,83;-0,194968553;61,74528302;125,5;4,02;2,778795274;7,65236621;0,625957099;2,147321429;5,938271605;4,151179349;6,9;3;9,9;30,3;22,02687324
SB b 2ª coleta AF;FA;Seasonal;2;dry;SB;b;6,80;33,51;5,08;291;24,10;13,63;-0,06918239;59,35534591;125,5;4,02;2,686871393;7,65236621;0,625957099;2,147321429;5,938271605;4,136947405;7;3,2;10,2;31,37;22,7325053
SB a 3ª coleta AF;FA;Seasonal;3;dry;SB;a;8,60;30,12;4,72;336,5;19,66;17,76;-1,201257862;64,76415094;101,7;0,07;2,765495094;6,577811435;7,91143847;2,408653846;18,55555556;3,584277538;6,5;3,4;9,9;34,34;24,52754434
SB b 3ª coleta AF;FA;Seasonal;3;dry;SB;b;8,62;30,26;4,71;333,3;19,84;19,00;-1,075471698;61,75471698;101,7;0,07;2,75983824;6,577811435;7,91143847;2,408653846;18,55555556;3,536156298;6,5;3,8;10,3;36,89;26,15846829
SB a 4ª coleta AF;FA;Seasonal;4;rainy;SB;a;7,35;32,26;4,82;365;12,48;57,8;2,363253857;51,35343619;385,4;-0,02;2,843587819;6,15697074;10,76473838;2,287272727;13,67391304;3,869468728;9,4;4;13,4;29,85;17,65342768
SB b 4ª coleta AF;FA;Seasonal;4;rainy;SB;b;7,18;33,47;4,76;363;12,25;53,8;1,669004208;53,73772791;385,4;-0,02;2,832745515;6,15697074;10,76473838;2,287272727;13,67391304;3,866190234;9;4;13;30,77;19,09069057
SB a 5ª coleta AF;FA;Seasonal;5;dry;SB;a;8,96;15,35;4,82;365;13,61;45,21;0,182389937;57,9245283;6,3;-0,90;17,14008326;6,683662077;7,19377112;2,578512397;18,35294118;4,109378378;7,8;3,2;11;29,09;-3,48814746
SB b 5ª coleta AF;FA;Seasonal;5;dry;SB;b;8,96;15,33;4,76;363;12,74;42,47;0,29245283;57,79874214;6,3;-0,90;17,04391674;6,683662077;7,19377112;2,578512397;18,35294118;4,027080212;8;3,2;11,2;28,57;-3,44505211
SB a 6ª coleta AF;FA;Seasonal;6;rainy;SB;a;7,32;29,85;4,63;255;24,45;19,08;-1,201257862;59,85849057;68,2;0,01;2,809370899;5,056511761;18,22585026;1,666666667;3,932806324;3,378417241;8;4,4;12,4;35,48;-7,128269069
SB b 6ª coleta AF;FA;Seasonal;6;rainy;SB;b;7,50;29,09;4,67;247,3;24,37;19,66;-1,264150943;61,01572327;68,2;0,01;2,788629101;5,056511761;18,22585026;1,666666667;3,932806324;3,354476266;7,7;4,2;11,9;35,29;-7,577620229
SM a 1ª coleta AF;FA;Seasonal;1;rainy;SM;a;7,03;33,31;4,66;309;7,23;17,8;0,287517532;54,7545582;147,5;0,19;2,735010161;6,75;6,744;2,807228916;-233;3,650554267;5,9;2,6;8,5;30,59;26,45740433
SM b 1ª coleta AF;FA;Seasonal;1;rainy;SM;b;7,15;34,32;4,71;312;6,96;19,5;0,350631136;56,46563815;147,5;0,19;2,666656506;6,75;6,744;2,807228916;-233;3,636380706;5,8;2,8;8,6;32,56;27,65379819
SM a 2ª coleta AF;FA;Seasonal;2;dry;SM;a;6,89;29,00;4,66;309;22,52;19,98;1,125786164;61,13207547;136,0;0,28;3,303287987;6,934382323;5,493887847;2,088145897;8,807692308;4,086578354;6,6;2,4;9;26,67;21,35595052
SM b 2ª coleta AF;FA;Seasonal;2;dry;SM;b;6,83;30,34;4,71;312;22,97;19,83;1,172955975;63,66352201;136,0;0,28;3,299045346;6,934382323;5,493887847;2,088145897;8,807692308;3,990531944;6,8;2,4;9,2;26,09;23,0151334
SM a 3ª coleta AF;FA;Seasonal;3;dry;SM;a;7,97;29,75;4,84;322,7;3,37;15,02;-0,745283019;64,41823899;54,8;0,03;2,860897463;6,458679177;8,719155179;1,872222222;5,184615385;3,982829567;7,2;2,8;10;28;12,92507414
SM b 3ª coleta AF;FA;Seasonal;3;dry;SM;b;7,99;29,36;4,86;309,6;3,63;15,62;-0,682389937;62,41509434;54,8;0,03;2,854769204;6,458679177;8,719155179;1,872222222;5,184615385;3,960211512;8;2,8;10,8;25,93;12,33035972
SM a 4ª coleta AF;FA;Seasonal;4;rainy;SM;a;6,08;31,47;5,82;323;14,75;11,4;1,956521739;53,92706872;383,8;-0,01;2,768575974;7,627459554;0,794824224;2,743589744;26,75;4,255979507;7,9;2,6;10,5;24,76;27,88215433
SM b 4ª coleta AF;FA;Seasonal;4;rainy;SM;b;6,19;33,70;5,47;328;13,84;12,5;1,584852735;54,08835905;383,8;-0,01;2,760090693;7,627459554;0,794824224;2,743589744;26,75;4,252128362;7,6;2,4;10;24;28,06304299
SM a 5ª coleta AF;FA;Seasonal;5;dry;SM;a;9,02;22,33;5,82;323;23,54;19,81;0,166666667;59,27672956;97,2;-0,85;4,214875806;6,685800604;7,179271903;2,640243902;36,08333333;3,890989225;9,1;3,4;12,5;27,2;23,86964592
SM b 5ª coleta AF;FA;Seasonal;5;dry;SM;b;8,93;21,36;5,47;328;23,43;21,75;0,182389937;58,53773585;97,2;-0,85;4,199790861;6,685800604;7,179271903;2,640243902;36,08333333;3,870583375;9,8;3,6;13,4;26,87;24,614151
SM a 6ª coleta AF;FA;Seasonal;6;rainy;SM;a;6,97;29,21;4,9;219,4;20,74;30,37;-1,232704403;60,40880503;96,6;0,06;3,391735702;5,161430643;17,51450024;1,703264095;4,449612403;3,362868877;8;4,4;12,4;35,48;-5,409326494
SM b 6ª coleta AF;FA;Seasonal;6;rainy;SM;b;7,40;30,82;4,89;225,4;19,19;29,04;-1,044025157;60,35534591;96,6;0,06;3,391264298;5,161430643;17,51450024;1,703264095;4,449612403;3,33935819;7,8;4,4;12,2;36,07;-4,784978393
SC a 1ª coleta AF;FA;Seasonal;1;rainy;SC;a;7,29;34,75;5,64;273;15,87;16,3;0,981767181;55,3997195;6,5;0,03;2,937426058;5,477482851;15,37166627;1,648089172;3,965517241;3,790466566;6,6;2,8;9,4;29,79;4,40508671
SC b 1ª coleta AF;FA;Seasonal;1;rainy;SC;b;6,94;32,26;5,66;269;9,48;16,1;0,820476858;54,42496494;6,5;0,03;2,932240608;5,477482851;15,37166627;1,648089172;3,965517241;3,790150213;6,2;2,4;8,6;27,91;4,303851649
SC a 2ª coleta AF;FA;Seasonal;2;dry;SC;a;5,97;27,41;5,64;273;24,12;11,20;-1,672955975;61,58805031;208,5;0,82;2,668368867;7,012073272;4,967143214;2,17167382;7,784615385;4,071280939;6,7;2,2;8,9;24,72;28,39202782
SC b 2ª coleta AF;FA;Seasonal;2;dry;SC;b;6,27;28,01;5,66;269;24,30;12,63;-1,625786164;61,98113208;208,5;0,82;2,661297799;7,012073272;4,967143214;2,17167382;7,784615385;4,059620137;6,9;2,2;9,1;24,18;28,30530364
SC a 3ª coleta AF;FA;Seasonal;3;dry;SC;a;8,58;36,06;4,7;312,6;2,32;13,15;-2,427672956;63,09748428;132,4;0,28;2,521852116;6,03605677;11,5845351;1,904761905;6,12244898;3,68138339;6;2,4;8,4;28,57;20,07994648
SC b 3ª coleta AF;FA;Seasonal;3;dry;SC;b;8,49;34,56;4,71;300,9;3,14;14,59;-2,380503145;59,20754717;132,4;0,28;2,511481217;6,03605677;11,5845351;1,904761905;6,12244898;3,605958482;6,4;2,4;8,8;27,27;18,89746225
SC a 4ª coleta AF;FA;Seasonal;4;rainy;SC;a;6,39;27,84;4,68;368;14,61;26,3;1,774193548;54,23562412;399,3;-0,02;2,13908088;6,451628352;8,76695977;2,040909091;6,507246377;3,831074084;7;3,2;10,2;31,37;20,05769168
SC b 4ª coleta AF;FA;Seasonal;4;rainy;SC;b;6,41;27,09;4,99;360;12,38;29,2;1,304347826;53,19074334;399,3;-0,02;2,136252453;6,451628352;8,76695977;2,040909091;6,507246377;3,794009028;7,2;2,4;9,6;25;19,73961963
SC a 5ª coleta AF;FA;Seasonal;5;dry;SC;a;8,16;10,61;4,68;368;9,56;21,41;2,981132075;57,0754717;-5,8;0,45;5,402280207;5,512353706;15,13524187;1,434939759;2,382;4,18175698;6,3;3;9,3;32,26;-11,33973561
SC b 5ª coleta AF;FA;Seasonal;5;dry;SC;b;7,90;10,53;4,99;360;10,09;25,87;3,15408805;54,38679245;-5,8;0,45;5,373053127;5,512353706;15,13524187;1,434939759;2,382;4,120945024;7,2;3,6;10,8;33,33;-11,55839771
SC a 6ª coleta AF;FA;Seasonal;6;rainy;SC;a;7,28;28,40;5,09;156,4;9,77;34,06;-2,364779874;61,19496855;77,8;-0,10;3,235047379;4,746031746;20,33090476;1,661417323;3,968652038;3,20896568;8;4,4;12,4;35,48;-10,47958009
SC b 6ª coleta AF;FA;Seasonal;6;rainy;SC;b;6,67;27,25;5,06;181,6;9,91;29,23;-2,380503145;57,5408805;77,8;-0,10;3,225619288;4,746031746;20,33090476;1,661417323;3,968652038;3,203474466;7,4;4;11,4;35,09;-10,62872643
PB a 1ª coleta AH;THS;Permanent;1;rainy;PB;a;3,71;39,61;5,15;230;5,32;11,5;-0,238429173;11,95652174;78,8;-6,05;8,470758405;2,946159122;32,53404115;1,488346883;3,736054422;2,523929928;3,4;2;5,4;37,04;-1,643236393
PB b 1ª coleta AH;THS;Permanent;1;rainy;PB;b;3,50;41,77;5,24;233;4,93;11,8;-0,483870968;8,281907433;78,8;-6,05;8,240241595;2,946159122;32,53404115;1,488346883;3,736054422;2,468546718;3,7;2,2;5,9;37,29;-1,492192826
PB a 2ª coleta AH;THS;Permanent;2;dry;PB;a;13,91;60,43;5,15;230;1,42;8,75;-2,522012579;31,16352201;45,2;8,89;6,282444697;2,682452431;34,32197252;1,414514145;3,125;2,183992964;3,2;2;5,2;38,46;-0,621839466
PB b 2ª coleta AH;THS;Permanent;2;dry;PB;b;13,84;59,15;5,24;233;1,62;10,37;-2,58490566;32,04402516;45,2;8,89;6,074555303;2,682452431;34,32197252;1,414514145;3,125;2,140388617;3,8;2,4;6,2;38,71;-0,321589748
PB a 3ª coleta AH;THS;Permanent;3;dry;PB;a;36,82;41,97;3,94;340;21,40;13,80;-3,119496855;35,73899371;84,4;0,04;7,972781746;2,695030746;34,23669154;1,443447932;3,457040573;2,206819518;3,5;2,2;5,7;38,6;0,030002718
PB b 3ª coleta AH;THS;Permanent;3;dry;PB;b;36,96;42,06;3,95;335,7;21,47;16,00;-3,072327044;31,86477987;84,4;0,04;7,817218254;2,695030746;34,23669154;1,443447932;3,457040573;2,158706997;3,4;2;5,4;37,04;-0,214360004
PB a 4ª coleta AH;THS;Permanent;4;rainy;PB;a;4,46;36,92;5,32;305;14,06;12,5;0,084151473;18,83590463;389,5;0,25;7,908727922;2,48755378;35,64338537;1,436314363;3,393810032;2,082898347;3,8;2,4;6,2;38,71;-1,0007172
PB b 4ª coleta AH;THS;Permanent;4;rainy;PB;b;4,52;35,58;5,08;284;12,97;15;-0,455820477;6,535764376;389,5;0,25;7,883272078;2,48755378;35,64338537;1,436314363;3,393810032;1,991309623;3,5;2,2;5,7;38,6;-0,866197084
PB a 5ª coleta AH;THS;Permanent;5;dry;PB;a;8,15;33,33;5,32;305;17,92;11,23;-1,893081761;27,68867925;-73,3;-0,97;8,683894444;2,491991495;35,61329766;1,5;4,311756935;1,968585865;3,7;2,2;5,9;37,29;-0,88178393
PB b 5ª coleta AH;THS;Permanent;5;dry;PB;b;7,96;31,92;5,08;284;17,08;13,54;-1,814465409;27,54716981;-73,3;-0,97;8,466105556;2,491991495;35,61329766;1,5;4,311756935;1,958503304;3,9;2,2;6,1;36,07;-1,014648914
PB a 6ª coleta AH;THS;Permanent;6;rainy;PB;a;13,73;68,10;4,56;234,5;22,29;15,90;2,556603774;41,25786164;70,4;0,03;15,34297056;2,616205402;34,77112738;1,522001206;4,607664234;1,856947232;3,7;2,6;6,3;41,27;-0,01
PB b 6ª coleta AH;THS;Permanent;6;rainy;PB;b;8,35;39,05;4,55;252,2;21,53;19,25;2,477987421;41,58805031;70,4;0,03;15,30902944;2,616205402;34,77112738;1,522001206;4,607664234;1,836947232;4,4;2,8;7,2;38,89;-0,01
PM a 1ª coleta AH;THS;Permanent;1;rainy;PM;a;8,51;50,58;5,79;215;7,01;10,9;-0,070126227;21,0799439;23,7;-1,77;6,070279221;2,784078022;33,63295101;1,523961661;4,510638298;1,965613186;3,8;2,4;6,2;38,71;-0,434955825
PM b 1ª coleta AH;THS;Permanent;1;rainy;PM;b;8,48;47,69;5,84;219;6,14;12,6;0,07713885;28,91304348;23,7;-1,77;5,815720779;2,784078022;33,63295101;1,523961661;4,510638298;1,944077487;3,6;2,4;6;40;-0,336378889
PM a 2ª coleta AH;THS;Permanent;2;dry;PM;a;13,13;54,74;5,79;215;2,55;9,15;1,408805031;35,17295597;75,8;10,61;5,318485281;2,60477327;34,84863723;1,506259781;4,249448124;1,971748344;3,6;2,4;6;40;-0,750791901
PM b 2ª coleta AH;THS;Permanent;2;dry;PM;b;13,68;55,85;5,84;219;2,82;9,28;1,377358491;34,55974843;75,8;10,61;5,301514719;2,60477327;34,84863723;1,506259781;4,249448124;1,945647575;3,9;2,6;6,5;40;-0,645633118
PM a 3ª coleta AH;THS;Permanent;3;dry;PM;a;33,78;41,74;4,09;372;21,31;15,49;-2,22327044;34,21383648;64,6;-0,53;6,486242641;2,711440764;34,12543162;1,527659574;4,308;2,00437353;3,7;2,6;6,3;41,27;-0,788298842
PM b 3ª coleta AH;THS;Permanent;3;dry;PM;b;33,95;44,47;4,1;367,7;20,98;16,61;-1,971698113;32,19496855;64,6;-0,53;6,477757359;2,711440764;34,12543162;1,527659574;4,308;1,961661719;3,9;2,6;6,5;40;-0,731276478
PM a 4ª coleta AH;THS;Permanent;4;rainy;PM;a;8,97;40,83;5,83;201;13,42;16,4;-0,063113604;22,72089762;250,7;12,40;8,119213203;2,558343596;35,16343042;1,494466801;4,149441341;2,059846331;4,4;2,8;7,2;38,89;-0,637826383
PM b 4ª coleta AH;THS;Permanent;4;rainy;PM;b;8,98;42,66;5,55;172;15,52;15,4;-0,238429173;15,18232819;250,7;12,40;8,076786797;2,558343596;35,16343042;1,494466801;4,149441341;2,034132841;4,4;2,8;7,2;38,89;-0,442707104
PM a 5ª coleta AH;THS;Permanent;5;dry;PM;a;10,11;33,82;5,83;201;14,65;18,56;-2,632075472;52,51572327;-195,9;-0,40;8,202863961;2,54256767;35,2703912;1,513131313;4,451708767;2,06905066;4;2,4;6,4;37,5;-0,941010793
PM b 5ª coleta AH;THS;Permanent;5;dry;PM;b;9,94;32,30;5,55;172;13,95;20,23;-2,600628931;53,12893082;-195,9;-0,40;8,190136039;2,54256767;35,2703912;1,513131313;4,451708767;2,056777579;3,8;2,4;6,2;38,71;-1,152124582
PM a 6ª coleta AH;THS;Permanent;6;rainy;PM;a;20,60;42,79;4,99;148,8;23,07;12,15;2,257861635;28,85220126;45,2;0,25;14,05241421;2,784071139;33,63299768;1,60418483;5,272206304;1,780399155;4;2,8;6,8;41,18;-2,335316983
PM b 6ª coleta AH;THS;Permanent;6;rainy;PM;b;22,45;35,83;4,98;161;22,81;13,52;2,352201258;28,85220126;45,2;0,25;14,04958579;2,784071139;33,63299768;1,60418483;5,272206304;1,760399155;4,2;2,8;7;40;-2,384574177
PC a 1ª coleta AH;THS;Permanent;1;rainy;PC;a;1,51;43,27;5,85;242;6,66;10;0,245441795;22,43338008;458,7;853,45;4,219325902;2,661001236;34,46741162;1,611702128;4,539325843;1,514077302;4,3;2,6;6,9;37,68;0,572875243
PC b 1ª coleta AH;THS;Permanent;1;rainy;PC;b;2,02;41,53;5,86;247;5,20;10,4;-0,224403927;11,56381487;458,7;853,45;4,114674098;2,661001236;34,46741162;1,611702128;4,539325843;1,501762352;4,2;2,8;7;40;0,559874801
PC a 2ª coleta AH;THS;Permanent;2;dry;PC;a;10,68;49,95;5,85;242;1,27;8,68;-2,333333333;29,11949686;90,0;17,45;6,067313708;2,579755238;35,01825949;1,485883125;3,9771529;2,012645635;5,4;3,2;8,6;37,21;-0,453083719
PC b 2ª coleta AH;THS;Permanent;2;dry;PC;b;9,89;46,94;5,86;247;2,15;9,22;-2,411949686;29,44968553;90,0;17,45;6,044686292;2,579755238;35,01825949;1,485883125;3,9771529;2,012020766;5,6;3,6;9,2;39,13;-0,42307771
PC a 3ª coleta AH;THS;Permanent;3;dry;PC;a;10,02;37,52;4,18;338;22,34;18,17;-3,512578616;20,77044025;43,0;0,05;7,056656854;2,546399014;35,24441469;1,479914301;3,992774566;2,069139645;5;3,2;8,2;39,02;-0,577787216
PC b 3ª coleta AH;THS;Permanent;3;dry;PC;b;10,64;40,26;4,16;341,4;22,32;18,73;-3,449685535;17,27358491;43,0;0,05;7,045343146;2,546399014;35,24441469;1,479914301;3,992774566;2,065002311;4,5;3;7,5;40;-0,575638535
PC a 4ª coleta AH;THS;Permanent;4;rainy;PC;a;5,51;50,56;5,25;276;12,21;12,1;0,07713885;28,58345021;192,3;2,14;8,824414214;2,452904452;35,87830782;1,460589172;3,890774125;2,161988812;4,5;2,6;7,1;36,62;-0,85518322
PC b 4ª coleta AH;THS;Permanent;4;rainy;PC;b;5,57;51,46;4,88;255;10,75;14,3;-0,266479663;15,94670407;192,3;2,14;8,821585786;2,452904452;35,87830782;1,460589172;3,890774125;2,147208149;4,4;2,4;6,8;35,29;-0,945953738
PC a 5ª coleta AH;THS;Permanent;5;dry;PC;a;4,86;21,48;5,25;276;17,89;12,66;-1,232704403;21,36792453;90,7;-0,61;6,003645707;2,701754386;34,19110526;1,571316614;4,808153477;2,138226327;3,5;1,8;5,3;33,96;-1,337329423
PC b 5ª coleta AH;THS;Permanent;5;dry;PC;b;5,37;22,97;4,88;255;17,54;11,50;-1,311320755;21,60377358;90,7;-0,61;5,835354293;2,701754386;34,19110526;1,571316614;4,808153477;2,081628707;3,4;2;5,4;37,04;-0,623857694
PC a 6ª coleta AH;THS;Permanent;6;rainy;PC;a;4,62;29,61;4,73;285,7;2,17;11,56;-3,198113208;19,35534591;43,6;0,22;12,24572792;2,689819839;34,27202149;1,51066961;4,34038055;2,608813619;4,4;2;6,4;31,25;-1,309448494
PC b 6ª coleta AH;THS;Permanent;6;rainy;PC;b;3,95;27,52;4,87;209,3;1,10;12,54;-3,261006289;15,60691824;43,6;0,22;12,22027208;2,689819839;34,27202149;1,51066961;4,34038055;2,588813619;4,8;2;6,8;29,41;-1,332140095
SB a 1ª coleta AH;THS;Seasonal;1;rainy;SB;a;6,84;35,52;5,02;290;6,07;20,2;1,213183731;55,33660589;177,9;0,38;5,075852814;2,618377272;34,7564021;1,572490706;4,862068966;1,869550507;5;3,2;8,2;39,02;-2,775388006
SB b 1ª coleta AH;THS;Seasonal;1;rainy;SB;b;6,99;40,20;5,08;291;5,77;22,3;0,652173913;54,68443198;177,9;0,38;4,906147186;2,618377272;34,7564021;1,572490706;4,862068966;1,847962889;5;3,2;8,2;39,02;-2,738825821
SB a 2ª coleta AH;THS;Seasonal;2;dry;SB;a;6,52;30,29;5,02;290;24,10;15,83;-0,194968553;61,74528302;125,5;4,02;5,485727922;2,514343344;35,46175213;1,473239437;3,594501718;2,053878883;5,2;3,2;8,4;38,1;-0,080780203
SB b 2ª coleta AH;THS;Seasonal;2;dry;SB;b;6,80;33,51;5,08;291;24,10;13,63;-0,06918239;59,35534591;125,5;4,02;5,460272078;2,514343344;35,46175213;1,473239437;3,594501718;2,027331615;5,1;3;8,1;37,04;-0,110687823
SB a 3ª coleta AH;THS;Seasonal;3;dry;SB;a;8,60;30,12;4,72;336,5;19,66;17,76;-1,201257862;64,76415094;101,7;0,07;5,896414214;2,609577222;34,81606644;1,47972973;3,693086003;2,135231257;4,9;3;7,9;37,97;-0,264737552
SB b 3ª coleta AH;THS;Seasonal;3;dry;SB;b;8,62;30,26;4,71;333,3;19,84;19,00;-1,075471698;61,75471698;101,7;0,07;5,893585786;2,609577222;34,81606644;1,47972973;3,693086003;2,126978231;4,7;3;7,7;38,96;-0,429056576
SB a 4ª coleta AH;THS;Seasonal;4;rainy;SB;a;7,35;32,26;4,82;365;12,48;57,8;2,363253857;51,35343619;385,4;-0,02;5,309610173;2,621548986;34,73489787;1,527980535;4,291571754;2,074009055;4,6;2,8;7,4;37,84;-0,05482449
SB b 4ª coleta AH;THS;Seasonal;4;rainy;SB;b;7,18;33,47;4,76;363;12,25;53,8;1,669004208;53,73772791;385,4;-0,02;5,148389827;2,621548986;34,73489787;1,527980535;4,291571754;2,02162761;5,4;3,2;8,6;37,21;0,23980605
SB a 5ª coleta AH;THS;Seasonal;5;dry;SB;a;8,96;15,35;4,82;365;13,61;45,21;0,182389937;57,9245283;6,3;-0,90;4,388698485;2,635318396;34,64154127;1,509596929;3,864864865;1,976190278;5,2;3,2;8,4;38,1;0,284200447
SB b 5ª coleta AH;THS;Seasonal;5;dry;SB;b;8,96;15,33;4,76;363;12,74;42,47;0,29245283;57,79874214;6,3;-0,90;4,329301515;2,635318396;34,64154127;1,509596929;3,864864865;1,922628954;5,2;3,2;8,4;38,1;0,094047584
SB a 6ª coleta AH;THS;Seasonal;6;rainy;SB;a;7,32;29,85;4,63;255;24,45;19,08;-1,201257862;59,85849057;68,2;0,01;18,08641421;3,026725304;31,98780244;1,482611348;3,49137931;4,599591005;5;2,4;7,4;32,43;7,6255E-05
SB b 6ª coleta AH;THS;Seasonal;6;rainy;SB;b;7,50;29,09;4,67;247,3;24,37;19,66;-1,264150943;61,01572327;68,2;0,01;18,08358579;3,026725304;31,98780244;1,482611348;3,49137931;4,579591005;5,2;2,4;7,6;31,58;0,107539637
SM a 1ª coleta AH;THS;Seasonal;1;rainy;SM;a;7,03;33,31;4,66;309;7,23;17,8;0,287517532;54,7545582;147,5;0,19;5,938491378;2,668278743;34,41807013;1,5143277;4,081188119;2,059636799;4,4;3,2;7,6;42,11;-0,152927844
SM b 1ª coleta AH;THS;Seasonal;1;rainy;SM;b;7,15;34,32;4,71;312;6,96;19,5;0,350631136;56,46563815;147,5;0,19;5,880508622;2,668278743;34,41807013;1,5143277;4,081188119;2,058683484;4,2;3,2;7,4;43,24;-0,068447325
SM a 2ª coleta AH;THS;Seasonal;2;dry;SM;a;6,89;29,00;4,66;309;22,52;19,98;1,125786164;61,13207547;136,0;0,28;5,114818326;2,549381157;35,22419576;1,424198251;3,219110379;2,072548005;4,6;3,2;7,8;41,03;-0,38015822
SM b 2ª coleta AH;THS;Seasonal;2;dry;SM;b;6,83;30,34;4,71;312;22,97;19,83;1,172955975;63,66352201;136,0;0,28;4,713181674;2,549381157;35,22419576;1,424198251;3,219110379;2,044851895;4,4;3,2;7,6;42,11;-0,611279528
SM a 3ª coleta AH;THS;Seasonal;3;dry;SM;a;7,97;29,75;4,84;322,7;3,37;15,02;-0,745283019;64,41823899;54,8;0,03;6,413426407;2,657119642;34,49372882;1,473034438;3,58135861;2,105330044;4,9;3,8;8,7;43,68;-0,480787418
SM b 3ª coleta AH;THS;Seasonal;3;dry;SM;b;7,99;29,36;4,86;309,6;3,63;15,62;-0,682389937;62,41509434;54,8;0,03;6,328573593;2,657119642;34,49372882;1,473034438;3,58135861;2,075539312;4,8;4;8,8;45,45;-0,417412679
SM a 4ª coleta AH;THS;Seasonal;4;rainy;SM;a;6,08;31,47;5,82;323;14,75;11,4;1,956521739;53,92706872;383,8;-0,01;4,557;2,690352397;34,26841075;1,588531187;4,981072555;2,117506087;4,5;3,4;7,9;43,04;0,099367889
SM b 4ª coleta AH;THS;Seasonal;4;rainy;SM;b;6,19;33,70;5,47;328;13,84;12,5;1,584852735;54,08835905;383,8;-0,01;4,537;2,690352397;34,26841075;1,588531187;4,981072555;2,075176737;4,5;3,4;7,9;43,04;0,241825759
SM a 5ª coleta AH;THS;Seasonal;5;dry;SM;a;9,02;22,33;5,82;323;23,54;19,81;0,166666667;59,27672956;97,2;-0,85;6,820449747;2,810088424;33,45660048;1,578059072;4,857142857;2,124345419;5,2;3,6;8,8;40,91;0,229639468
SM b 5ª coleta AH;THS;Seasonal;5;dry;SM;b;8,93;21,36;5,47;328;23,43;21,75;0,182389937;58,53773585;97,2;-0,85;6,810550253;2,810088424;33,45660048;1,578059072;4,857142857;2,096312695;5;3,6;8,6;41,86;0,159400154
SM a 6ª coleta AH;THS;Seasonal;6;rainy;SM;a;6,97;29,21;4,9;219,4;20,74;30,37;-1,232704403;60,40880503;96,6;0,06;16,24138478;3,734225621;27,19095029;1,603813559;4,837060703;7,208940026;3,9;1,4;5,3;26,42;3,386416861
SM b 6ª coleta AH;THS;Seasonal;6;rainy;SM;b;7,40;30,82;4,89;225,4;19,19;29,04;-1,044025157;60,35534591;96,6;0,06;16,20461522;3,734225621;27,19095029;1,603813559;4,837060703;7,188940026;3,7;1,4;5,1;27,45;3,338080169
SC a 1ª coleta AH;THS;Seasonal;1;rainy;SC;a;7,29;34,75;5,64;273;15,87;16,3;0,981767181;55,3997195;6,5;0,03;5,592160426;2,721119349;34,05981081;1,498405104;3,858316222;1,950177765;3,7;2,6;6,3;41,27;-0,413061052
SC b 1ª coleta AH;THS;Seasonal;1;rainy;SC;b;6,94;32,26;5,66;269;9,48;16,1;0,820476858;54,42496494;6,5;0,03;5,440839574;2,721119349;34,05981081;1,498405104;3,858316222;1,901585439;4;2,8;6,8;41,18;-0,323735858
SC a 2ª coleta AH;THS;Seasonal;2;dry;SC;a;5,97;27,41;5,64;273;24,12;11,20;-1,672955975;61,58805031;208,5;0,82;3,842905592;2,735129461;33,96482225;1,644946809;5,37826087;1,968872117;4;2,8;6,8;41,18;-0,472537962
SC b 2ª coleta AH;THS;Seasonal;2;dry;SC;b;6,27;28,01;5,66;269;24,30;12,63;-1,625786164;61,98113208;208,5;0,82;3,782094408;2,735129461;33,96482225;1,644946809;5,37826087;1,949248969;3,5;2,6;6,1;42,62;-0,601488418
SC a 3ª coleta AH;THS;Seasonal;3;dry;SC;a;8,58;36,06;4,7;312,6;2,32;13,15;-2,427672956;63,09748428;132,4;0,28;6,129556349;2,782541436;33,64336906;1,583053691;4,569007264;1,949458602;3,7;2,6;6,3;41,27;-0,887446127
SC b 3ª coleta AH;THS;Seasonal;3;dry;SC;b;8,49;34,56;4,71;300,9;3,14;14,59;-2,380503145;59,20754717;132,4;0,28;6,098443651;2,782541436;33,64336906;1,583053691;4,569007264;1,913165932;3,6;2,8;6,4;43,75;-1,431078407
SC a 4ª coleta AH;THS;Seasonal;4;rainy;SC;a;6,39;27,84;4,68;368;14,61;26,3;1,774193548;54,23562412;399,3;-0,02;4,37242031;2,766893986;33,74945877;1,574675325;4,449541284;2,126988247;3,4;2,8;6,2;45,16;-0,59613679
SC b 4ª coleta AH;THS;Seasonal;4;rainy;SC;b;6,41;27,09;4,99;360;12,38;29,2;1,304347826;53,19074334;399,3;-0,02;4,32857969;2,766893986;33,74945877;1,574675325;4,449541284;2,081414739;3,4;3,2;6,6;48,48;-0,708368349
SC a 5ª coleta AH;THS;Seasonal;5;dry;SC;a;8,16;10,61;4,68;368;9,56;21,41;2,981132075;57,0754717;-5,8;0,45;3,449333333;3,091358743;31,54958772;1,59054326;5,019047619;2,496499373;4;2,4;6,4;37,5;-0,88787541
SC b 5ª coleta AH;THS;Seasonal;5;dry;SC;b;7,90;10,53;4,99;360;10,09;25,87;3,15408805;54,38679245;-5,8;0,45;3,429333333;3,091358743;31,54958772;1,59054326;5,019047619;2,476499373;4,5;2,6;7,1;36,62;-0,85912372
SC a 6ª coleta AH;THS;Seasonal;6;rainy;SC;a;7,28;28,40;5,09;156,4;9,77;34,06;-2,364779874;61,19496855;77,8;-0,10;8,945106602;3,234930175;30,57617341;1,595132743;4,722707424;2,392594684;4,6;2,8;7,4;37,84;0,996033375
SC b 6ª coleta AH;THS;Seasonal;6;rainy;SC;b;6,67;27,25;5,06;181,6;9,91;29,23;-2,380503145;57,5408805;77,8;-0,10;8,9238934;3,23493018;30,57617338;1,59513274;4,72270742;2,37259468;5,2;3,2;8,4;38,1;1,222971958